ID,Year_Birth,Education,Marital_Status,Income,Kidhome,Teenhome,Dt_Customer,Recency,MntWines,MntFruits,MntMeatProducts,MntFishProducts,MntSweetProducts,MntGoldProds,NumDealsPurchases,NumWebPurchases,NumCatalogPurchases,NumStorePurchases,NumWebVisitsMonth,AcceptedCmp3,AcceptedCmp4,AcceptedCmp5,AcceptedCmp1,AcceptedCmp2,Complain,Z_CostContact,Z_Revenue,Response
5524,1957,Graduation,Single,58138.0,0,0,2012-09-04,58,635,88,546,172,88,88,3,8,10,4,7,0,0,0,0,0,0,3,11,1
965,1971,Graduation,Divorced,55635.0,0,1,2012-11-13,34,235,65,164,50,49,27,4,7,3,7,6,0,0,0,0,0,0,3,11,0
387,1976,Basic,Married,7500.0,0,0,2012-11-13,59,6,16,11,11,1,16,1,2,0,3,8,0,0,0,0,0,0,3,11,0
2569,1987,Graduation,Married,17323.0,0,0,2012-10-10,38,3,14,17,6,1,5,1,1,0,3,8,0,0,0,0,0,0,3,11,0
2114,1946,PhD,Single,82800.0,0,0,2012-11-24,23,1006,22,115,59,68,45,1,7,6,12,3,0,0,1,1,0,0,3,11,1
9736,1980,Graduation,Married,41850.0,1,1,2012-12-24,51,53,5,19,2,13,4,3,3,0,3,8,0,0,0,0,0,0,3,11,0
4939,1946,Graduation,Together,37760.0,0,0,2012-08-31,20,84,5,38,150,12,28,2,4,1,6,7,0,0,0,0,0,0,3,11,0
2278,1985,2n Cycle,Single,33812.0,1,0,2012-11-03,86,4,17,19,30,24,39,2,2,1,3,6,0,0,0,0,0,0,3,11,0
9360,1982,Graduation,Married,37040.0,0,0,2012-08-08,41,86,2,73,69,38,48,1,4,2,5,8,0,0,0,0,0,0,3,11,0
1993,1949,PhD,Married,58607.0,0,1,2012-12-23,63,867,0,86,0,0,19,3,2,3,9,8,0,1,0,0,0,0,3,11,0
5710,1970,Graduation,Together,40548.0,0,1,2012-10-10,31,110,0,5,2,0,3,2,2,1,4,5,0,1,0,0,0,0,3,11,0
7373,1952,PhD,Divorced,46610.0,0,2,2012-10-29,8,96,12,96,33,22,43,6,4,1,6,6,0,0,0,0,0,0,3,11,1
8430,1957,Graduation,Together,21994.0,0,1,2012-12-24,4,9,0,6,3,1,3,1,0,0,3,5,0,0,0,0,0,0,3,11,0
9909,1996,2n Cycle,Married,7500.0,0,0,2012-11-09,24,3,18,14,15,22,50,3,3,1,3,9,0,0,0,0,0,0,3,11,1
6566,1954,PhD,Married,72550.0,1,1,2012-11-08,39,826,50,317,50,38,38,9,5,2,12,8,0,0,0,0,0,0,3,11,0
4114,1964,Master,Married,79143.0,0,0,2012-08-11,2,650,37,780,27,167,32,1,6,9,13,3,0,0,0,0,0,0,3,11,0
6260,1955,Master,Together,82384.0,0,0,2012-11-19,55,984,51,432,180,120,190,1,3,10,13,1,0,0,1,0,0,0,3,11,1
3076,1975,Graduation,Together,66653.0,1,1,2012-09-07,18,452,18,102,16,18,6,4,4,2,12,3,0,0,0,0,0,0,3,11,0
1402,1954,Master,Married,66991.0,0,0,2012-09-11,1,496,36,460,189,60,12,3,4,8,6,3,0,0,0,0,0,0,3,11,0
10629,1973,2n Cycle,Married,,1,0,2012-09-14,25,25,3,43,17,4,17,3,3,0,3,8,0,0,0,0,0,0,3,11,0
5846,1977,Graduation,Divorced,40246.0,1,0,2012-12-19,68,2,1,6,2,1,1,1,1,0,2,6,0,0,0,0,0,0,3,11,0
1859,1972,Master,Married,75251.0,0,0,2012-08-27,34,721,111,925,97,18,18,1,7,6,5,5,0,0,0,0,0,0,3,11,1
7503,1976,Graduation,Single,75825.0,0,0,2012-10-12,40,1032,105,779,137,105,51,0,5,8,9,4,1,0,0,0,0,0,3,11,1
3332,1985,Graduation,Single,29760.0,1,0,2012-08-29,87,64,4,68,7,5,17,4,3,1,4,8,0,0,0,0,0,0,3,11,0
8996,1957,PhD,Married,,2,1,2012-11-19,4,230,42,192,49,37,53,12,7,2,8,9,0,0,0,0,0,0,3,11,0
7247,1960,Graduation,Widow,47916.0,0,1,2012-11-22,72,505,0,26,0,0,75,5,7,4,6,6,0,1,0,0,0,0,3,11,0
3629,1978,Graduation,Single,38557.0,1,0,2012-12-19,17,76,3,31,4,4,27,2,3,1,3,7,0,0,0,0,0,0,3,11,0
10991,1960,Master,Married,89058.0,0,0,2012-12-07,18,454,194,106,31,22,43,1,5,4,4,2,0,0,0,0,0,0,3,11,0
7431,1991,PhD,Single,68126.0,0,0,2012-11-10,40,1332,17,311,23,51,86,1,7,4,5,9,0,1,0,0,0,0,3,11,1
9215,1980,PhD,Married,43974.0,1,0,2012-12-12,19,378,0,101,0,0,72,5,6,4,6,7,0,0,0,0,0,0,3,11,0
5342,1976,Basic,Divorced,9548.0,1,0,2012-08-08,31,0,1,3,10,6,9,2,1,0,3,8,0,0,0,0,0,0,3,11,0
821,1992,Master,Single,92859.0,0,0,2012-10-19,46,962,61,921,52,61,20,1,5,4,12,2,0,0,0,0,0,0,3,11,0
9949,1976,Graduation,Married,59809.0,0,2,2012-10-18,36,598,16,141,32,41,49,3,3,3,6,8,0,0,0,0,0,0,3,11,0
10837,1975,Graduation,Married,23957.0,1,0,2012-10-28,47,2,1,18,20,11,16,1,2,0,3,6,0,0,0,0,0,0,3,11,1
5885,1973,2n Cycle,Married,35688.0,2,1,2012-08-22,94,73,3,90,12,1,32,7,4,1,4,8,0,0,0,0,0,0,3,11,0
7798,1972,2n Cycle,Together,46344.0,0,1,2012-12-14,28,233,20,57,8,20,91,4,7,1,5,7,0,0,0,0,0,0,3,11,0
7055,1952,PhD,Together,61010.0,0,1,2012-10-09,57,888,0,57,0,0,76,2,8,5,11,5,0,0,0,0,0,0,3,11,0
9260,1945,PhD,Married,70356.0,0,0,2012-11-05,20,1349,16,249,43,16,33,2,10,6,9,6,0,0,0,0,0,0,3,11,0
8717,1975,PhD,Married,80427.0,0,1,2012-09-12,56,1149,71,449,69,71,26,1,11,8,8,5,0,0,0,0,0,0,3,11,0
10314,1948,PhD,Married,83837.0,0,0,2012-12-16,79,847,66,119,86,89,111,1,9,10,5,4,0,1,0,1,0,0,3,11,1
3518,1983,Graduation,Married,25271.0,1,0,2012-12-05,45,10,1,18,10,4,7,1,1,1,2,9,0,0,0,0,0,0,3,11,0
9733,1978,Basic,Together,24882.0,1,0,2012-09-09,52,1,4,10,29,0,36,1,1,1,2,6,1,0,0,0,0,0,3,11,0
2798,1977,PhD,Together,102160.0,0,0,2012-11-02,54,763,29,138,76,176,58,0,7,9,10,4,0,1,1,1,0,0,3,11,1
624,1984,Master,Single,18890.0,0,0,2012-11-10,5,6,4,1,7,2,15,1,0,1,2,6,1,0,0,0,0,0,3,11,1
380,1954,Graduation,Divorced,64497.0,0,1,2012-09-10,17,1170,48,320,42,32,192,5,11,4,9,8,1,0,0,0,0,0,3,11,1
6927,1968,PhD,Married,44377.0,1,1,2012-10-05,70,224,0,30,0,0,10,8,5,1,5,8,0,0,0,0,0,0,3,11,0
454,1980,Graduation,Together,69508.0,1,0,2012-11-14,48,824,32,162,42,32,43,2,11,4,11,6,0,0,0,0,0,0,3,11,0
7079,1962,Graduation,Divorced,63887.0,0,1,2012-09-08,38,897,23,207,15,11,92,5,9,6,12,6,0,0,0,0,0,0,3,11,0
7375,1976,Graduation,Together,51369.0,0,1,2012-10-25,84,297,7,79,0,11,182,2,8,2,4,8,0,0,0,0,0,0,3,11,0
709,1952,Graduation,Divorced,51537.0,0,1,2012-12-09,27,787,20,204,0,0,92,3,2,2,11,8,0,0,0,0,0,0,3,11,0
460,1972,PhD,Married,79930.0,0,0,2012-08-08,72,792,86,740,67,51,17,1,3,5,8,2,0,0,0,0,0,0,3,11,0
9940,1958,Graduation,Together,64961.0,0,1,2012-12-23,97,382,114,276,75,124,38,2,6,4,4,3,0,0,0,0,0,0,3,11,0
6439,1958,Graduation,Married,61074.0,0,1,2012-08-17,37,789,0,133,0,28,152,7,11,5,8,7,0,0,0,0,0,0,3,11,0
8867,1988,PhD,Married,67546.0,0,0,2012-08-31,90,864,134,768,150,38,172,1,4,10,5,3,0,0,0,0,0,0,3,11,0
8932,1969,Master,Together,65176.0,0,1,2012-10-29,57,960,28,183,220,70,70,4,9,6,6,6,0,0,0,0,0,0,3,11,0
2227,1958,2n Cycle,Together,26490.0,0,0,2012-09-22,92,45,47,52,21,20,25,2,3,1,5,6,0,0,0,0,0,0,3,11,0
10992,1967,Graduation,Together,75702.0,1,1,2012-08-29,77,650,28,353,45,42,30,5,4,6,11,8,0,0,0,0,0,0,3,11,0
5304,1974,PhD,Single,30899.0,1,0,2012-10-13,35,24,0,8,0,0,1,2,1,0,3,6,0,0,0,0,0,0,3,11,0
309,1961,PhD,Together,63342.0,0,1,2012-10-16,48,918,21,118,13,10,21,3,8,3,5,6,0,1,0,0,0,0,3,11,0
3406,1964,Graduation,Single,45989.0,0,1,2012-10-22,97,138,33,87,28,24,12,4,3,2,7,3,0,0,0,0,0,0,3,11,0
10264,1979,Graduation,Divorced,15287.0,1,0,2012-10-10,60,1,2,8,4,3,13,2,1,1,2,7,1,0,0,0,0,0,3,11,1
9396,1978,PhD,Married,37717.0,1,0,2012-11-23,31,9,0,6,4,1,5,1,1,0,2,9,0,0,0,0,0,0,3,11,0
9703,1970,PhD,Married,38097.0,1,1,2012-10-15,70,77,2,35,0,1,69,4,3,2,2,7,1,0,0,0,0,0,3,11,1
2379,1953,Graduation,Single,69267.0,0,0,2012-09-22,31,778,44,499,95,73,146,2,3,4,5,7,0,0,0,0,0,0,3,11,1
10144,1976,Graduation,Together,51369.0,0,1,2012-10-25,84,297,7,79,0,11,182,2,8,2,4,8,0,0,0,0,0,0,3,11,0
8652,1946,Graduation,Together,37760.0,0,0,2012-08-31,20,84,5,38,150,12,28,2,4,1,6,7,0,0,0,0,0,0,3,11,0
4543,1980,Graduation,Married,82497.0,0,0,2012-10-31,32,777,129,573,216,21,203,1,2,7,9,4,0,0,1,0,0,0,3,11,0
2926,1952,Master,Together,55951.0,0,1,2012-08-23,62,1241,0,80,0,13,40,3,3,6,11,8,0,1,0,0,1,0,3,11,0
6609,1966,Graduation,Widow,27038.0,0,0,2012-09-18,64,1,26,25,17,23,15,1,3,0,3,9,0,0,0,0,0,0,3,11,1
9478,1985,Graduation,Single,66503.0,1,0,2012-08-14,30,91,64,128,65,3,50,2,4,3,6,3,0,0,0,0,0,0,3,11,0
10151,1960,Graduation,Divorced,62204.0,0,2,2012-09-12,38,317,46,247,151,46,139,1,4,5,12,3,0,0,0,0,0,0,3,11,0
7381,1968,Graduation,Divorced,75693.0,0,0,2012-12-06,10,797,153,293,72,97,30,1,11,4,6,4,0,1,1,1,0,0,3,11,1
4099,1972,Graduation,Married,30675.0,1,0,2012-11-12,14,10,2,16,11,2,21,1,1,0,3,8,0,0,0,0,0,0,3,11,0
10172,1988,Graduation,Single,68655.0,0,0,2012-08-10,95,456,19,832,75,118,38,1,4,5,11,3,0,0,0,0,0,0,3,11,0
9707,1969,PhD,Married,55212.0,0,1,2012-11-23,65,1103,0,45,0,0,34,3,4,2,11,8,0,1,0,0,1,0,3,11,0
8842,1971,Graduation,Widow,30372.0,1,1,2012-12-25,33,15,0,12,7,3,7,3,2,0,3,7,0,0,0,0,0,0,3,11,0
11056,1974,Graduation,Married,72099.0,0,0,2012-10-27,18,546,91,410,119,0,22,1,3,4,10,1,0,0,0,0,0,0,3,11,0
9365,1976,PhD,Single,60000.0,0,1,2012-12-22,57,1048,0,217,0,0,12,5,11,3,5,6,0,0,0,0,0,0,3,11,0
6184,1969,PhD,Married,68462.0,0,0,2012-12-12,6,561,64,785,84,128,48,1,3,3,8,1,0,0,0,0,0,0,3,11,0
7274,1957,Graduation,Married,78618.0,0,0,2012-09-28,87,736,163,818,212,163,61,1,4,7,10,2,0,1,0,0,0,0,3,11,0
933,1978,PhD,Married,37717.0,1,0,2012-11-23,31,9,0,6,4,1,5,1,1,0,2,9,0,0,0,0,0,0,3,11,0
5837,1967,Graduation,Married,51479.0,1,1,2012-12-28,67,247,8,160,6,8,65,7,6,3,6,7,0,0,0,0,0,0,3,11,0
10704,1969,Graduation,Single,54803.0,0,1,2012-08-21,65,404,0,92,28,27,142,2,6,2,9,4,0,0,0,0,0,0,3,11,0
5955,1962,Graduation,Together,72025.0,0,0,2012-11-17,27,833,33,549,151,133,233,1,4,3,8,3,0,0,0,0,0,0,3,11,0
2928,1975,PhD,Single,52614.0,0,1,2012-12-01,63,789,0,142,12,9,38,2,2,4,8,8,0,0,0,0,0,0,3,11,0
10313,1975,Graduation,Married,48178.0,1,1,2012-10-28,69,159,4,45,6,2,38,6,5,1,4,8,0,0,0,0,0,0,3,11,0
1245,1966,Graduation,Single,63810.0,0,1,2012-11-11,45,977,12,253,16,12,101,4,4,3,12,8,0,1,0,0,0,0,3,11,0
10703,1975,Master,Single,46098.0,1,1,2012-08-18,86,57,0,27,0,0,36,4,3,2,2,8,0,0,0,0,0,0,3,11,0
4459,1989,Graduation,Single,30279.0,1,0,2012-12-30,13,10,4,14,4,4,1,1,1,0,3,8,0,0,0,0,0,0,3,11,0
6878,1954,Graduation,Widow,27421.0,0,0,2012-12-12,14,43,12,96,78,40,55,3,4,1,6,7,0,0,0,0,0,0,3,11,0
3310,1973,2n Cycle,Married,35688.0,2,1,2012-08-22,94,73,3,90,12,1,32,7,4,1,4,8,0,0,0,0,0,0,3,11,0
6202,1960,Graduation,Together,63381.0,0,1,2012-10-05,78,571,50,142,33,50,159,4,4,5,13,2,0,0,0,0,0,0,3,11,0
2066,1949,Graduation,Together,38823.0,0,1,2012-08-30,56,70,0,11,2,8,23,1,2,1,3,6,0,0,0,0,0,0,3,11,0
7414,1971,Graduation,Married,43824.0,1,1,2012-09-15,18,96,1,42,12,3,32,4,3,1,4,8,0,0,0,0,0,0,3,11,0
6354,1984,Graduation,Together,15345.0,1,0,2012-08-31,51,5,2,16,3,2,19,2,1,1,2,8,0,0,0,0,0,0,3,11,1
798,1987,Graduation,Single,23442.0,1,0,2012-12-24,71,2,0,6,8,6,5,1,1,0,3,7,0,0,0,0,0,0,3,11,0
8213,1980,2n Cycle,Together,14515.0,1,0,2012-11-09,71,6,4,9,6,36,35,4,2,2,3,7,0,0,0,0,0,0,3,11,1
9999,1965,Graduation,Together,75276.0,0,0,2012-09-27,2,610,105,125,137,42,21,1,9,4,9,5,0,0,0,0,0,0,3,11,0
3645,1972,PhD,Single,27213.0,1,0,2012-08-30,19,19,3,26,10,9,3,3,2,0,4,8,0,0,0,0,0,0,3,11,1
9973,1963,Graduation,Married,50437.0,0,2,2012-10-17,28,370,9,92,6,9,4,3,7,1,8,7,0,0,0,0,0,0,3,11,0
7301,1982,2n Cycle,Single,23616.0,1,0,2012-11-17,76,4,22,11,3,7,32,2,3,0,3,8,0,0,0,0,0,0,3,11,1
10882,1976,Graduation,Married,53858.0,0,1,2012-11-09,50,407,53,221,58,150,26,4,4,3,6,4,0,0,0,0,0,0,3,11,0
7422,1987,Graduation,Single,46923.0,1,0,2012-08-22,90,85,44,54,102,78,6,3,5,1,7,7,0,0,0,0,0,0,3,11,0
4324,1989,Graduation,Married,42387.0,1,0,2012-10-29,42,235,0,235,19,4,191,5,8,1,7,8,0,0,0,0,0,0,3,11,0
10642,1989,Graduation,Single,30279.0,1,0,2012-12-30,13,10,4,14,4,4,1,1,1,0,3,8,0,0,0,0,0,0,3,11,0
6233,1976,Graduation,Married,65991.0,0,1,2012-09-07,21,507,19,364,25,47,9,3,9,5,10,7,0,0,0,0,0,0,3,11,0
4148,1972,Graduation,Married,38988.0,1,2,2012-08-20,90,164,24,103,12,3,42,7,5,1,6,8,0,0,0,0,0,0,3,11,0
4947,1966,2n Cycle,Single,89572.0,0,0,2012-09-15,44,606,24,974,197,194,64,1,7,7,9,4,0,1,0,1,0,0,3,11,1
10648,1982,2n Cycle,Together,66664.0,0,0,2012-09-25,78,398,96,447,220,96,32,1,5,7,6,3,0,0,0,0,0,0,3,11,0
9213,1970,Graduation,Widow,31880.0,1,0,2012-10-31,13,4,1,5,2,0,3,1,1,0,2,8,0,0,0,0,0,0,3,11,0
3916,1971,PhD,Together,49269.0,1,0,2012-08-15,92,639,8,166,11,8,58,3,7,3,12,7,0,0,0,0,0,0,3,11,0
564,1981,PhD,Together,56937.0,1,0,2012-08-04,81,746,8,125,11,8,8,7,8,6,9,6,0,1,0,0,0,0,3,11,1
8970,1972,PhD,Married,62010.0,0,1,2012-10-23,93,371,22,39,6,0,92,4,6,2,7,5,0,0,0,0,0,0,3,11,0
10581,1977,Graduation,Married,41124.0,1,0,2012-10-31,41,281,7,84,15,0,119,7,7,3,4,8,0,0,0,0,0,0,3,11,0
8346,1974,Graduation,Single,32233.0,1,0,2012-08-19,26,138,15,35,25,11,72,2,6,2,2,9,1,0,0,0,0,0,3,11,1
9286,1960,Master,Together,83151.0,0,0,2012-10-10,93,407,28,100,120,74,18,1,5,9,4,3,0,0,0,0,0,0,3,11,0
2426,1964,PhD,Divorced,78825.0,0,0,2012-09-14,35,483,74,114,169,37,18,1,5,10,13,3,0,0,0,0,0,0,3,11,1
3921,1952,2n Cycle,Widow,28457.0,0,0,2012-10-28,96,24,1,108,29,29,14,1,4,1,4,8,0,0,0,0,0,0,3,11,0
3403,1958,PhD,Together,78952.0,0,1,2012-09-24,11,1170,19,594,99,76,134,2,2,5,12,6,0,0,0,0,0,0,3,11,0
22,1976,Graduation,Divorced,46310.0,1,0,2012-12-03,99,185,2,88,15,5,14,2,6,1,5,8,0,0,0,0,0,0,3,11,0
9135,1950,Graduation,Together,27203.0,1,1,2012-08-06,92,13,2,21,4,0,24,2,1,1,2,8,0,0,0,0,0,0,3,11,0
8151,1990,Basic,Married,24279.0,0,0,2012-12-29,6,16,36,21,20,62,108,1,4,1,3,8,0,0,0,0,0,0,3,11,0
5140,1985,PhD,Married,64355.0,1,0,2012-08-24,66,1047,0,140,67,38,153,2,4,3,12,8,0,0,0,0,0,0,3,11,0
4945,1953,Graduation,Widow,53653.0,0,0,2012-11-07,29,815,10,239,28,10,108,2,10,4,12,6,0,0,0,0,0,0,3,11,0
8939,1959,Graduation,Divorced,61250.0,0,1,2012-12-16,49,382,138,65,60,26,59,6,5,2,12,5,0,0,0,0,0,0,3,11,0
4943,1953,Graduation,Married,70503.0,0,0,2012-09-30,73,1379,33,216,0,33,66,1,2,4,9,6,0,1,1,0,0,0,3,11,0
35,1987,Graduation,Married,25545.0,1,0,2012-09-08,35,32,1,64,16,12,85,3,2,2,3,6,0,0,0,0,0,0,3,11,1
2258,1986,Graduation,Married,32880.0,1,0,2012-12-04,76,8,4,15,7,6,2,1,1,0,3,8,0,0,0,0,0,0,3,11,0
4702,1964,Graduation,Single,61839.0,0,0,2012-08-12,20,1000,155,379,224,17,120,1,4,8,4,8,0,0,0,0,0,0,3,11,0
10591,1969,Graduation,Widow,43638.0,0,1,2012-08-06,37,63,10,83,7,19,19,2,4,1,4,7,0,0,0,0,0,0,3,11,0
5036,1984,PhD,Single,42710.0,1,0,2012-11-28,38,252,3,42,4,3,102,2,4,5,3,6,0,0,0,0,0,0,3,11,0
8692,1952,Graduation,Together,43462.0,1,1,2012-09-12,50,90,17,97,15,6,15,6,4,1,5,8,0,0,0,0,0,0,3,11,0
9120,1962,Graduation,Single,66565.0,0,1,2012-12-05,80,747,10,161,65,40,42,4,4,2,9,8,0,0,0,0,0,0,3,11,0
3525,1970,Graduation,Together,38200.0,1,1,2012-12-07,19,12,0,4,0,0,1,1,1,0,2,7,0,0,0,0,0,0,3,11,0
6818,1974,Graduation,Married,44989.0,0,1,2012-09-12,26,98,0,106,49,10,106,5,5,1,5,6,0,0,0,0,0,0,3,11,0
5966,1974,PhD,Married,45207.0,1,1,2012-11-10,64,203,0,10,0,0,2,5,3,1,6,6,0,1,0,0,0,0,3,11,0
9058,1955,Graduation,Widow,79800.0,0,0,2012-09-23,65,1060,21,530,32,0,224,1,5,11,5,3,1,0,1,1,0,0,3,11,1
3710,1984,PhD,Single,39684.0,1,0,2012-10-12,41,19,0,35,6,4,17,2,2,1,2,7,0,0,0,0,0,1,3,11,1
7627,1975,Master,Married,92163.0,0,0,2012-12-12,25,817,183,797,106,163,20,0,5,11,5,2,0,0,1,1,0,0,3,11,1
5252,1969,Graduation,Divorced,23910.0,1,0,2012-10-26,80,16,12,18,7,1,13,1,2,0,3,7,0,0,0,0,0,0,3,11,0
3537,1981,Graduation,Together,31089.0,1,0,2012-08-17,57,31,3,31,2,8,4,3,3,0,4,8,0,0,0,0,0,0,3,11,0
2453,1960,Graduation,Together,62807.0,0,1,2012-08-31,83,526,28,135,10,21,99,3,5,3,12,5,0,0,0,0,0,0,3,11,0
895,1948,PhD,Married,61467.0,0,2,2012-12-09,69,410,16,114,0,5,49,3,5,2,10,5,0,0,0,0,0,0,3,11,0
7141,1986,Master,Single,21888.0,1,0,2012-12-29,15,88,10,46,2,3,64,4,5,1,2,10,0,0,0,0,0,0,3,11,1
2457,1975,Basic,Married,30801.0,0,1,2012-10-26,23,8,4,5,15,2,11,2,1,0,3,7,0,0,0,0,0,0,3,11,0
6682,1973,Basic,Married,18978.0,1,0,2012-12-11,41,2,8,1,4,7,15,1,1,0,3,8,0,0,0,0,0,0,3,11,0
10299,1969,PhD,Single,48240.0,0,0,2012-11-09,73,389,91,248,64,49,41,3,6,3,13,5,0,0,0,0,0,0,3,11,1
10862,1960,Master,Married,30522.0,0,1,2012-08-17,6,179,8,83,19,11,26,5,1,2,9,2,0,0,0,0,0,0,3,11,0
4299,1960,Graduation,Together,70971.0,0,1,2012-09-21,28,1001,17,572,93,125,17,7,11,11,5,7,0,0,0,0,0,0,3,11,1
3469,1977,PhD,Divorced,34487.0,1,1,2012-09-06,94,19,18,33,24,1,8,3,3,0,3,9,0,0,0,0,0,0,3,11,0
5063,1977,Graduation,Single,28769.0,1,0,2012-12-18,76,41,5,129,10,3,3,3,4,1,4,9,0,0,0,0,0,0,3,11,0
1907,1950,Master,Divorced,63120.0,0,1,2012-09-28,53,965,69,279,54,41,69,5,8,4,9,7,0,0,0,0,0,0,3,11,1
3856,1960,Graduation,Together,63381.0,0,1,2012-10-05,78,571,50,142,33,50,159,4,4,5,13,2,0,0,0,0,0,0,3,11,0
2131,1959,PhD,Divorced,62859.0,0,1,2012-12-30,37,1063,89,102,16,12,25,4,9,4,6,6,0,0,0,0,0,0,3,11,0
6728,1985,Graduation,Together,29103.0,1,0,2012-08-27,38,16,0,17,6,3,6,2,1,0,3,9,0,0,0,0,0,0,3,11,0
6661,1974,Graduation,Married,67445.0,0,1,2012-08-12,63,757,80,217,29,80,11,5,9,6,12,6,0,0,0,0,0,0,3,11,0
3277,1955,Graduation,Divorced,49431.0,0,1,2012-08-03,9,219,3,100,26,0,17,2,7,1,5,8,0,0,0,0,0,0,3,11,0
946,1958,2n Cycle,Together,26490.0,0,0,2012-09-22,92,45,47,52,21,20,25,2,3,1,5,6,0,0,0,0,0,0,3,11,0
55,1963,Graduation,Together,56253.0,0,1,2012-12-07,83,509,0,65,7,11,5,4,7,2,9,6,0,0,0,0,0,0,3,11,0
1777,1980,Basic,Married,25965.0,0,0,2012-09-07,29,2,2,11,41,7,11,1,2,0,3,8,0,0,0,0,0,0,3,11,0
10826,1959,Graduation,Married,18690.0,0,0,2012-12-28,77,6,1,7,23,4,19,1,1,1,2,8,0,0,0,0,0,0,3,11,0
9204,1970,Graduation,Widow,66731.0,0,1,2012-09-12,33,371,159,194,58,106,141,4,4,3,6,3,0,0,0,0,0,0,3,11,0
2920,1975,PhD,Single,52614.0,0,1,2012-12-01,63,789,0,142,12,9,38,2,2,4,8,8,0,0,0,0,0,0,3,11,0
4673,1963,PhD,Married,81300.0,0,1,2012-10-30,17,1004,12,145,32,12,36,3,10,3,5,5,0,0,0,1,0,0,3,11,1
4910,1967,Graduation,Divorced,68743.0,0,0,2012-08-30,81,1132,134,384,175,134,115,1,11,5,13,7,0,0,0,0,0,0,3,11,0
9826,1972,PhD,Single,86857.0,0,0,2012-09-12,96,899,102,838,133,102,40,1,5,6,10,2,0,0,0,0,0,0,3,11,1
1501,1982,PhD,Married,160803.0,0,0,2012-08-04,21,55,16,1622,17,3,4,15,0,28,1,0,0,0,0,0,0,0,3,11,0
7230,1960,PhD,Divorced,50611.0,0,1,2012-10-04,98,459,0,24,6,0,4,6,4,5,7,6,0,1,0,0,0,0,3,11,1
1272,1965,Master,Single,55250.0,0,1,2012-10-21,49,664,58,83,32,0,66,4,7,5,10,5,0,0,0,0,0,0,3,11,0
10479,1975,PhD,Married,76618.0,0,0,2012-12-07,64,749,40,294,121,160,147,1,3,2,5,1,0,0,0,0,0,0,3,11,0
3619,1960,2n Cycle,Divorced,87305.0,0,0,2012-09-23,19,345,25,501,63,138,80,1,5,3,8,2,0,0,1,0,0,0,3,11,1
5114,1965,Master,Married,74806.0,0,1,2012-12-19,1,670,9,249,0,28,9,2,5,4,5,4,0,0,0,0,0,0,3,11,0
4692,1976,Graduation,Married,7500.0,1,0,2012-08-01,19,7,0,12,13,7,32,5,4,1,2,9,1,0,0,0,0,0,3,11,1
610,1953,PhD,Together,53593.0,1,1,2012-08-07,60,349,4,78,6,0,43,8,7,2,6,8,0,0,0,0,0,0,3,11,0
5564,1969,Graduation,Together,62882.0,0,1,2012-08-09,26,509,133,497,78,24,97,2,7,5,6,4,0,0,0,0,0,0,3,11,0
4012,1972,PhD,Together,62220.0,0,1,2012-08-11,55,799,12,375,16,12,12,5,7,6,5,6,0,0,0,0,0,0,3,11,1
5331,1977,Graduation,Married,74985.0,0,0,2012-09-11,8,587,51,898,247,0,86,1,3,6,7,2,0,0,0,0,0,0,3,11,0
1911,1987,Graduation,Together,67430.0,0,0,2012-09-05,6,595,97,291,127,133,121,1,11,5,12,6,0,0,0,0,0,0,3,11,0
4303,1957,PhD,Together,6835.0,0,1,2012-12-08,76,107,2,12,2,2,12,0,0,0,1,20,0,0,0,0,0,0,3,11,0
4211,1986,Basic,Married,20425.0,1,0,2012-10-29,5,4,12,5,3,16,17,2,2,0,3,7,0,0,0,0,0,0,3,11,0
347,1976,Graduation,Divorced,40780.0,0,1,2012-09-08,30,229,27,71,13,3,34,4,7,1,5,9,0,0,0,0,0,0,3,11,0
10446,1957,PhD,Married,82017.0,0,0,2012-11-07,58,184,23,446,30,23,23,1,5,4,7,2,0,1,1,1,0,0,3,11,1
796,1965,2n Cycle,Divorced,60161.0,0,1,2012-10-23,17,584,44,212,46,8,177,3,11,4,8,8,0,0,0,0,0,0,3,11,0
7462,1954,Graduation,Single,22507.0,0,0,2012-11-24,67,68,0,226,51,157,68,3,10,2,4,9,0,0,0,0,0,0,3,11,0
8560,1992,Graduation,Single,48789.0,0,0,2012-09-10,94,351,16,156,7,5,145,1,6,4,7,6,0,0,0,0,0,0,3,11,0
5687,1980,Graduation,Divorced,81702.0,0,0,2012-09-23,98,563,50,774,28,31,187,1,7,7,12,3,0,0,0,0,0,0,3,11,0
368,1974,Graduation,Married,40049.0,0,1,2012-11-29,61,91,65,52,10,44,28,3,3,2,6,5,0,0,0,0,0,0,3,11,0
11121,1981,Graduation,Married,19419.0,1,0,2012-11-10,76,2,14,28,16,3,7,4,4,0,3,9,0,0,0,0,0,0,3,11,0
10343,1991,2n Cycle,Single,61618.0,0,0,2012-09-29,27,605,91,399,0,45,205,2,3,6,8,3,0,0,0,0,0,0,3,11,0
5935,1956,Master,Single,55284.0,0,1,2012-12-24,60,547,7,140,0,7,63,3,7,5,8,5,0,0,0,0,0,0,3,11,0
4856,1957,2n Cycle,Married,82347.0,0,0,2012-11-06,38,556,54,845,202,133,63,1,7,7,10,3,1,0,0,1,0,0,3,11,0
3007,1966,Graduation,Together,37758.0,1,1,2012-10-04,49,27,2,10,0,0,1,2,1,0,3,8,0,0,0,0,0,0,3,11,0
4271,1989,2n Cycle,Together,38683.0,1,0,2012-10-04,80,46,35,69,84,41,66,6,4,1,6,7,0,0,0,0,0,0,3,11,0
2447,1979,Graduation,Together,30545.0,1,0,2012-10-17,71,4,12,15,19,7,12,2,2,0,3,7,0,0,0,0,0,0,3,11,0
9653,1975,Graduation,Married,35797.0,0,1,2012-10-16,16,27,1,14,4,1,21,2,2,0,3,8,0,0,0,0,0,0,3,11,0
5830,1972,PhD,Single,86857.0,0,0,2012-09-12,96,899,102,838,133,102,40,1,5,6,10,2,0,0,0,0,0,0,3,11,1
7023,1953,PhD,Single,46231.0,2,1,2012-11-26,87,189,2,55,0,5,12,4,6,1,4,9,0,0,0,0,0,0,3,11,0
7108,1965,Master,Widow,51390.0,1,1,2012-09-08,54,205,20,47,23,2,56,6,5,2,5,5,0,0,0,0,0,0,3,11,0
9224,1972,PhD,Single,55260.0,0,1,2012-12-12,81,825,8,53,11,0,242,2,8,10,5,6,0,0,0,0,0,0,3,11,0
10619,1994,Graduation,Single,95529.0,0,0,2012-12-03,29,770,29,890,250,27,24,1,7,3,7,3,0,0,1,0,0,0,3,11,1
5871,1979,Master,Together,24401.0,0,0,2012-08-31,98,73,28,217,10,24,115,3,6,1,6,8,0,0,0,0,0,0,3,11,0
7922,1951,PhD,Single,64950.0,0,1,2012-08-12,29,819,0,72,12,0,63,2,11,2,10,7,0,1,0,0,0,0,3,11,0
5692,1989,Basic,Married,25443.0,1,0,2012-12-22,82,1,4,3,8,9,7,1,1,0,3,8,0,0,0,0,0,0,3,11,0
8700,1986,Basic,Single,14906.0,0,0,2012-12-22,86,7,7,14,7,16,15,3,2,1,3,7,0,0,0,0,0,0,3,11,0
3202,1987,PhD,Married,51563.0,0,0,2012-10-01,60,1166,0,48,0,0,36,1,4,4,10,8,0,1,1,0,0,0,3,11,0
2882,1975,2n Cycle,Divorced,67893.0,0,1,2012-10-01,31,711,28,142,49,18,47,2,3,2,9,8,0,0,0,0,0,0,3,11,0
5748,1965,Graduation,Married,59754.0,0,1,2012-12-01,96,115,27,44,4,146,139,3,5,2,6,5,0,0,0,0,0,0,3,11,1
2134,1952,Graduation,Single,53700.0,0,1,2012-08-17,94,263,5,233,69,41,83,4,5,5,8,5,0,0,0,0,0,0,3,11,0
4640,1967,Graduation,Divorced,70647.0,0,1,2012-09-21,65,561,85,171,25,123,114,2,4,7,13,2,0,0,0,0,0,0,3,11,0
3547,1969,Master,Together,41021.0,1,0,2012-12-30,12,14,7,9,6,16,12,2,2,0,3,6,0,0,0,0,0,0,3,11,1
7011,1973,Graduation,Married,33471.0,1,0,2012-10-12,47,43,2,27,0,9,12,3,3,0,4,7,0,0,0,0,0,0,3,11,0
3933,1980,Graduation,Together,44010.0,1,0,2012-10-13,46,186,36,234,86,72,48,6,10,2,6,9,0,0,0,0,0,0,3,11,0
10995,1988,2n Cycle,Married,15716.0,1,0,2012-11-12,8,16,5,30,8,7,26,3,3,0,4,8,0,0,0,0,0,1,3,11,0
9209,1971,Master,Together,80573.0,0,0,2012-10-14,85,829,138,430,60,92,15,1,4,6,13,2,0,0,0,0,0,0,3,11,0
2611,1959,Master,Together,82576.0,0,0,2012-08-01,66,1206,55,445,168,18,18,1,2,4,12,1,0,0,1,0,0,0,3,11,0
9850,1972,2n Cycle,Married,24884.0,1,0,2012-11-29,32,3,6,7,0,0,3,1,0,0,3,7,0,0,0,0,0,0,3,11,0
7378,1981,Master,Together,42021.0,1,0,2012-08-31,34,393,5,136,7,5,27,5,10,1,6,9,1,0,0,0,0,0,3,11,0
10473,1956,PhD,Widow,78028.0,0,1,2012-09-10,38,158,19,288,25,0,38,1,6,4,9,7,0,1,1,0,0,0,3,11,1
8952,1953,Master,Married,65569.0,0,1,2012-11-05,96,397,46,288,20,38,70,2,6,5,10,3,0,0,0,0,0,0,3,11,0
5236,1979,Graduation,Together,77568.0,0,1,2012-08-25,30,1230,0,396,232,178,158,1,10,2,8,5,0,1,1,1,0,0,3,11,0
1970,1968,Master,Together,34053.0,0,1,2012-09-10,14,63,0,21,7,0,12,1,3,0,3,8,0,0,0,0,0,0,3,11,0
4240,1978,Graduation,Married,17345.0,1,0,2012-11-03,79,4,9,16,17,0,12,2,2,1,2,8,0,0,0,0,0,0,3,11,0
8985,1964,2n Cycle,Together,68316.0,0,1,2012-11-04,54,806,80,161,120,11,33,5,10,7,10,6,0,0,0,0,0,0,3,11,0
9503,1980,Graduation,Single,28071.0,0,0,2012-08-29,65,39,33,130,41,26,44,2,5,1,5,8,0,0,0,0,0,0,3,11,0
6730,1954,Graduation,Married,38998.0,1,1,2012-11-03,92,34,1,14,0,0,5,3,2,0,3,8,0,0,0,0,0,1,3,11,0
10749,1991,Graduation,Single,8028.0,0,0,2012-09-18,62,73,18,66,7,12,2,15,0,1,0,19,0,0,0,0,0,0,3,11,0
5985,1965,Master,Single,33168.0,0,1,2012-10-13,0,80,1,37,0,1,3,3,2,1,4,7,0,0,0,0,0,0,3,11,0
8870,1984,Graduation,Together,35196.0,1,0,2012-11-13,68,75,12,141,43,39,187,6,6,1,5,8,0,0,0,0,0,0,3,11,1
7290,1985,Graduation,Single,70596.0,0,0,2012-10-05,68,347,44,534,17,0,26,1,3,5,12,2,0,0,0,0,0,0,3,11,0
3846,1974,Graduation,Married,42557.0,0,1,2012-08-29,98,192,5,53,0,5,15,4,6,1,4,8,0,0,0,0,0,0,3,11,0
4507,1952,Graduation,Single,72228.0,0,0,2012-11-27,87,631,28,491,30,14,56,1,6,7,8,3,0,0,0,0,0,0,3,11,0
4491,1949,Master,Married,62845.0,1,1,2012-10-01,3,1099,0,45,0,0,34,11,3,4,10,8,0,1,0,0,0,0,3,11,0
4415,1961,Graduation,Married,16860.0,1,1,2012-09-12,19,10,4,4,3,3,14,3,1,1,3,7,0,0,0,0,0,0,3,11,0
2223,1965,2n Cycle,Divorced,64176.0,0,1,2012-08-03,52,1215,33,249,64,116,149,8,8,9,8,6,0,0,0,0,0,0,3,11,0
4817,1956,Graduation,Divorced,22304.0,0,0,2012-08-04,91,3,2,7,0,4,2,1,1,0,2,8,0,0,0,0,0,0,3,11,0
11112,1966,Graduation,Together,70713.0,0,1,2012-12-03,23,736,114,279,82,76,190,6,5,6,8,3,0,0,0,0,0,0,3,11,0
3807,1955,Graduation,Together,59925.0,0,1,2012-11-30,83,473,21,176,19,21,56,3,9,2,9,6,0,0,0,0,0,0,3,11,0
247,1971,Graduation,Married,36715.0,1,0,2012-11-17,16,172,10,125,21,13,16,6,7,2,4,9,0,0,0,0,0,0,3,11,1
8707,1956,Graduation,Married,79456.0,0,0,2012-08-22,12,565,42,548,64,83,99,1,5,6,4,3,0,0,0,0,0,0,3,11,1
10245,1986,2n Cycle,Single,80910.0,0,0,2012-10-31,71,160,80,369,67,39,41,1,3,3,8,1,0,0,0,0,0,0,3,11,0
4713,1979,PhD,Married,31605.0,1,0,2012-11-22,15,74,0,42,2,1,6,2,2,1,4,7,0,0,0,0,0,0,3,11,0
2308,1954,Graduation,Married,46734.0,0,1,2012-11-18,40,110,5,137,26,23,29,2,6,1,5,7,0,0,0,0,0,0,3,11,0
5995,1962,Graduation,Divorced,39552.0,1,1,2012-12-18,54,165,3,147,4,24,41,7,6,2,5,8,0,0,0,0,0,0,3,11,1
6749,1966,Graduation,Single,86358.0,1,1,2012-08-08,78,957,47,494,82,47,95,4,5,3,6,8,0,0,0,0,0,0,3,11,0
2975,1976,Graduation,Together,85606.0,0,1,2012-11-12,89,717,42,864,219,30,84,2,6,7,9,3,0,0,0,1,0,0,3,11,0
10542,1968,PhD,Married,36778.0,1,1,2012-08-05,63,29,4,34,2,4,4,3,3,0,3,9,0,0,0,0,0,0,3,11,0
5430,1956,Graduation,Together,54450.0,1,1,2012-09-14,0,454,0,171,8,19,32,12,9,2,8,8,0,0,0,0,0,0,3,11,0
10525,1986,Graduation,Single,26576.0,1,0,2012-10-13,40,10,0,8,0,0,9,1,1,0,2,9,1,0,0,0,0,0,3,11,1
8310,1964,Graduation,Together,68142.0,0,1,2012-08-29,96,897,126,196,91,112,37,3,10,4,7,6,0,0,0,0,0,0,3,11,0
10710,1979,Graduation,Married,7500.0,0,1,2012-08-29,61,5,2,3,3,0,5,1,1,0,2,8,0,0,0,0,0,0,3,11,0
5031,1974,Graduation,Together,83145.0,0,0,2012-09-22,14,777,35,731,39,137,114,1,5,9,11,2,0,0,1,0,0,0,3,11,1
1077,1974,Graduation,Together,56715.0,0,0,2012-12-05,52,258,105,239,237,172,9,1,7,3,4,4,0,0,0,0,0,0,3,11,0
8432,1956,Graduation,Together,54450.0,1,1,2012-09-14,0,454,0,171,8,19,32,12,9,2,8,8,0,0,0,0,0,0,3,11,0
6218,1965,Graduation,Married,59594.0,0,1,2012-10-20,74,457,4,29,0,0,9,1,8,1,7,7,0,1,0,0,0,0,3,11,0
6905,1994,Graduation,Together,80685.0,0,0,2012-08-22,55,241,45,604,34,26,54,1,6,4,10,2,0,0,0,0,0,0,3,11,0
6263,1968,Graduation,Together,35322.0,1,2,2012-08-22,34,28,9,37,12,7,13,3,2,0,4,8,0,0,0,0,0,0,3,11,0
8278,1990,PhD,Married,74214.0,0,0,2012-08-26,3,863,83,547,86,99,33,1,8,2,5,5,0,0,0,0,0,0,3,11,0
5907,1952,Master,Married,33444.0,1,1,2012-11-03,24,8,0,8,0,0,2,1,1,0,2,8,0,0,0,0,0,0,3,11,0
4088,1962,PhD,Together,31497.0,0,1,2012-12-06,22,108,1,28,13,1,4,2,3,1,4,8,0,0,0,0,0,0,3,11,0
590,1970,Master,Divorced,78579.0,0,0,2012-12-22,35,816,66,549,216,66,99,1,5,6,4,3,0,0,0,0,0,0,3,11,1
8732,1969,Master,Widow,67369.0,0,1,2012-11-17,81,1298,0,70,37,14,42,4,7,4,10,4,0,1,1,0,0,0,3,11,1
7342,1961,2n Cycle,Widow,59184.0,0,1,2012-09-09,6,341,142,113,259,151,66,3,6,6,12,5,0,0,0,0,0,0,3,11,0
234,1979,Graduation,Divorced,15287.0,1,0,2012-10-10,60,1,2,8,4,3,13,2,1,1,2,7,1,0,0,0,0,0,3,11,1
3439,1972,Graduation,Married,56721.0,1,1,2012-10-31,64,157,6,39,6,13,75,5,4,1,5,6,0,0,0,0,0,0,3,11,0
8876,1963,PhD,Together,33629.0,1,1,2012-08-08,49,132,0,16,0,0,4,5,3,1,4,9,0,0,0,0,0,0,3,11,0
10395,1986,Basic,Single,8940.0,1,0,2012-08-22,25,1,45,3,4,6,42,3,3,1,3,8,0,0,0,0,0,0,3,11,0
7736,1986,Graduation,Married,22518.0,1,0,2012-10-22,36,11,7,12,2,2,27,2,2,1,2,5,1,0,0,0,0,0,3,11,1
1291,1978,PhD,Together,27683.0,1,0,2012-08-04,90,152,9,121,12,12,45,4,6,2,4,8,0,0,0,0,0,0,3,11,0
4136,1992,Basic,Single,7500.0,1,0,2012-12-03,63,10,17,18,8,26,40,4,3,2,2,9,0,0,0,0,0,0,3,11,0
6653,1970,PhD,Married,55158.0,1,1,2012-07-30,72,293,0,87,4,11,23,4,7,2,5,7,0,0,0,0,0,0,3,11,1
9094,1955,2n Cycle,Married,62972.0,0,1,2012-08-03,39,313,15,47,20,0,192,2,7,4,3,6,0,0,0,0,0,0,3,11,1
5207,1963,PhD,Married,53378.0,1,1,2012-09-24,41,489,6,152,8,6,132,10,9,4,6,8,0,0,0,0,0,0,3,11,1
195,1972,Graduation,Single,38808.0,1,0,2012-08-26,21,125,17,52,3,19,30,4,5,1,4,8,1,0,0,0,0,0,3,11,1
7527,1968,Master,Divorced,23748.0,1,0,2012-11-21,97,6,6,29,12,15,8,3,2,1,3,8,0,0,0,0,0,0,3,11,0
2931,1978,Graduation,Divorced,71847.0,0,0,2012-09-21,95,737,21,106,55,63,210,0,6,7,9,3,0,0,0,1,0,0,3,11,0
3698,1983,Graduation,Together,78687.0,0,0,2012-08-09,13,817,185,687,145,55,241,1,4,6,8,2,0,0,1,0,0,0,3,11,1
9516,1971,2n Cycle,Divorced,49118.0,0,0,2012-08-18,90,620,54,239,99,98,119,2,9,7,10,7,0,1,0,0,1,0,3,11,1
679,1957,PhD,Married,37633.0,1,1,2012-09-20,49,13,4,20,0,0,1,2,1,0,3,9,0,0,0,0,0,0,3,11,0
5043,1951,Basic,Married,26997.0,0,0,2012-11-05,89,7,23,78,133,49,144,2,4,2,5,7,0,0,0,0,0,0,3,11,0
339,1972,PhD,Married,57091.0,0,1,2012-11-23,82,462,0,24,6,0,4,2,9,2,5,7,0,1,0,0,0,0,3,11,1
378,1971,Graduation,Married,52531.0,0,0,2012-12-30,68,283,112,151,51,72,125,2,7,2,10,6,0,0,0,0,0,0,3,11,0
10641,1978,Graduation,Single,7500.0,1,1,2012-12-27,5,6,5,4,13,4,25,4,2,1,3,6,0,0,0,0,0,0,3,11,0
6055,1979,Graduation,Married,71626.0,0,0,2012-11-01,94,546,72,376,94,145,72,1,5,5,8,3,0,1,0,0,0,0,3,11,0
8427,1956,Master,Single,64857.0,0,0,2012-11-23,78,556,14,717,210,0,43,1,7,5,10,4,0,0,0,0,0,0,3,11,0
10971,1977,Graduation,Single,37774.0,2,0,2012-09-03,28,173,8,107,7,2,176,4,7,2,3,9,1,0,0,0,0,1,3,11,1
5621,1969,Graduation,Married,48752.0,1,1,2012-12-12,8,73,57,100,71,15,0,5,6,1,5,9,0,0,0,0,0,0,3,11,1
2535,1978,Master,Married,88097.0,1,0,2012-08-18,24,163,0,480,0,126,75,1,6,5,8,9,0,1,1,1,0,0,3,11,1
942,1982,Graduation,Single,39660.0,1,0,2012-08-08,36,139,13,78,20,13,36,3,7,1,3,9,0,0,0,0,0,0,3,11,1
5510,1977,Master,Married,43263.0,0,1,2012-11-21,2,262,6,61,0,10,102,3,5,2,6,5,0,0,0,0,0,0,3,11,0
873,1949,Master,Married,62845.0,1,1,2012-10-01,3,1099,0,45,0,0,34,11,3,4,10,8,0,1,0,0,0,0,3,11,1
8369,1987,Graduation,Together,18227.0,1,0,2012-11-08,21,1,2,7,4,3,11,1,0,1,2,8,0,0,0,0,0,0,3,11,0
2407,1982,Graduation,Married,69109.0,0,0,2012-11-09,10,823,25,459,124,29,95,1,6,6,7,4,0,0,1,0,0,0,3,11,1
1343,1968,Graduation,Together,58554.0,1,1,2012-09-26,55,368,24,68,38,0,88,6,8,2,6,7,0,0,0,0,0,0,3,11,0
6181,1950,2n Cycle,Together,52203.0,0,0,2012-07-31,36,488,21,238,56,108,28,1,8,7,11,6,0,0,0,0,0,0,3,11,0
2674,1958,Master,Single,75154.0,0,1,2012-09-04,79,543,10,205,160,143,82,1,6,3,6,3,0,0,0,0,0,0,3,11,1
5675,1960,PhD,Divorced,50611.0,0,1,2012-10-04,98,459,0,24,6,0,4,6,4,5,7,6,0,1,0,0,0,0,3,11,0
8805,1960,Graduation,Single,48904.0,0,1,2012-12-02,1,283,10,38,0,13,27,4,7,2,4,8,0,0,0,0,0,0,3,11,0
2902,1958,Graduation,Together,,1,1,2012-09-03,87,19,4,12,2,2,6,1,1,0,3,5,0,0,0,0,0,0,3,11,0
793,1973,Graduation,Married,20895.0,1,0,2012-10-06,24,18,3,17,3,0,4,1,2,0,3,9,0,0,0,0,0,0,3,11,0
4791,1980,Graduation,Together,44964.0,1,1,2012-12-16,35,19,1,17,2,0,2,1,1,0,3,8,0,0,0,0,0,0,3,11,0
5289,1975,2n Cycle,Single,41658.0,1,1,2012-11-09,30,8,4,12,15,4,29,2,1,1,2,4,0,0,0,0,0,0,3,11,0
10490,1969,PhD,Married,51039.0,1,1,2012-12-10,11,100,64,79,65,0,109,2,6,2,4,7,0,0,0,0,0,0,3,11,0
4094,1961,Graduation,Married,60544.0,1,1,2012-08-25,92,201,2,43,3,5,35,4,5,1,5,6,0,0,0,0,0,0,3,11,0
4188,1957,Graduation,Single,36864.0,0,1,2012-08-13,53,204,5,39,17,0,89,3,5,2,4,8,0,0,0,0,0,0,3,11,1
6613,1970,Master,Married,44511.0,1,0,2012-10-12,39,513,7,133,46,14,14,6,8,4,8,8,0,0,0,0,0,0,3,11,0
10827,1967,PhD,Married,36947.0,1,1,2012-08-07,49,88,3,21,4,1,29,4,3,0,4,9,0,0,0,0,0,0,3,11,0
8783,1950,Graduation,Married,57045.0,0,1,2012-09-08,40,296,13,104,11,13,17,3,4,2,9,3,0,0,0,0,0,0,3,11,0
10010,1953,PhD,Divorced,36957.0,1,1,2012-09-06,43,100,2,16,2,1,31,4,3,2,2,9,0,0,0,0,0,0,3,11,1
618,1977,PhD,Married,69389.0,0,1,2012-09-28,17,422,7,238,69,46,15,1,7,2,12,4,0,0,0,0,0,0,3,11,0
2561,1966,Graduation,Single,63810.0,0,1,2012-11-11,45,977,12,253,16,12,101,4,4,3,12,8,0,1,0,0,0,0,3,11,0
4086,1959,Graduation,Married,18690.0,0,0,2012-12-28,77,6,1,7,23,4,19,1,1,1,2,8,0,0,0,0,0,0,3,11,0
8588,1961,Graduation,Married,60544.0,1,1,2012-08-25,92,201,2,43,3,5,35,4,5,1,5,6,0,0,0,0,0,0,3,11,0
6856,1979,Graduation,Together,21645.0,1,0,2012-09-03,75,14,0,23,4,5,19,3,3,0,3,9,0,0,0,0,0,0,3,11,1
4530,1948,Master,Widow,78427.0,0,0,2012-10-24,36,972,19,595,180,26,138,3,3,7,10,3,0,0,0,1,0,0,3,11,1
8204,1971,2n Cycle,Married,78041.0,0,0,2012-12-16,93,482,35,553,72,160,17,1,4,4,9,2,0,0,0,0,0,0,3,11,0
5221,1957,Graduation,Married,52852.0,0,1,2012-12-01,93,714,8,99,11,0,47,4,10,7,5,8,1,0,0,0,0,0,3,11,0
6875,1965,PhD,Together,32727.0,0,0,2012-08-28,38,167,13,180,86,13,70,2,7,3,5,8,0,0,0,0,0,0,3,11,0
4042,1971,Graduation,Divorced,43300.0,0,1,2012-10-13,87,91,3,52,2,1,31,3,4,0,4,8,0,0,0,0,0,0,3,11,1
2525,1974,PhD,Married,38410.0,0,0,2012-09-14,65,153,64,123,116,64,14,2,5,2,9,6,0,0,0,0,0,0,3,11,1
4070,1969,PhD,Married,94871.0,0,2,2012-09-01,99,169,24,553,188,0,144,1,8,5,4,7,0,1,1,0,0,0,3,11,1
25,1958,Graduation,Married,65148.0,0,1,2012-11-16,9,460,35,422,33,12,153,2,6,6,7,4,0,0,0,0,0,0,3,11,0
217,1956,Master,Single,64857.0,0,0,2012-11-23,78,556,14,717,210,0,43,1,7,5,10,4,0,0,0,0,0,0,3,11,0
7787,1960,Graduation,Together,62807.0,0,1,2012-08-31,83,526,28,135,10,21,99,3,5,3,12,5,0,0,0,0,0,0,3,11,0
8370,1976,2n Cycle,Together,75484.0,0,1,2012-08-02,50,378,97,259,197,194,34,2,7,3,6,4,0,0,0,0,0,0,3,11,0
2072,1969,PhD,Together,53374.0,0,1,2012-08-16,34,896,10,101,13,10,34,6,4,2,9,9,1,0,0,0,0,0,3,11,1
9463,1959,Graduation,Together,71706.0,0,1,2012-11-13,16,931,56,253,91,98,14,4,9,5,7,5,0,0,0,0,0,0,3,11,0
3340,1977,Graduation,Married,42014.0,1,0,2012-08-17,56,244,15,108,4,15,50,6,7,1,6,8,0,0,0,0,0,0,3,11,1
3594,1973,Master,Married,54108.0,1,1,2012-11-05,74,539,6,91,8,6,97,13,8,2,9,8,0,0,0,0,0,0,3,11,0
3584,1955,PhD,Single,49667.0,0,0,2012-08-20,35,1181,26,120,17,13,39,2,5,10,5,8,1,0,0,0,0,0,3,11,1
7706,1975,2n Cycle,Together,46772.0,0,1,2012-11-07,88,350,104,189,197,151,57,6,11,8,5,8,1,0,0,0,0,0,3,11,0
9,1975,Master,Single,46098.0,1,1,2012-08-18,86,57,0,27,0,0,36,4,3,2,2,8,0,0,0,0,0,0,3,11,0
9451,1965,Graduation,Married,73538.0,0,1,2012-11-25,92,811,76,428,99,137,107,3,10,4,9,7,0,0,0,0,0,0,3,11,0
1490,1962,Graduation,Married,55759.0,0,1,2012-11-28,84,675,0,85,10,7,77,5,10,3,8,8,0,0,0,0,0,0,3,11,0
3887,1970,Graduation,Single,27242.0,1,0,2012-11-11,2,3,17,26,20,1,39,2,2,0,3,9,0,0,0,0,0,0,3,11,1
2408,1976,Graduation,Married,58597.0,1,1,2012-11-20,20,490,0,184,10,28,21,12,7,4,9,7,0,0,0,0,0,0,3,11,0
7998,1958,Graduation,Together,28087.0,1,1,2012-12-11,77,53,8,17,13,0,21,3,2,2,2,7,0,0,0,0,0,0,3,11,0
6050,1975,2n Cycle,Married,57036.0,0,1,2012-12-11,33,1171,43,219,19,14,47,4,6,3,13,9,1,0,0,0,0,0,3,11,0
2804,1975,Master,Single,46098.0,1,1,2012-08-18,86,57,0,27,0,0,36,4,3,2,2,8,0,0,0,0,0,0,3,11,1
3745,1988,2n Cycle,Married,23331.0,1,0,2012-09-04,92,5,36,7,0,10,45,2,3,0,3,8,0,0,0,0,0,0,3,11,0
9771,1988,2n Cycle,Single,23331.0,1,0,2012-10-05,97,104,20,101,24,15,5,6,5,1,5,9,0,0,0,0,0,0,3,11,0
1079,1971,PhD,Married,71969.0,0,1,2012-10-16,59,1000,0,76,0,0,10,3,3,4,9,8,0,1,0,0,0,0,3,11,0
528,1978,Graduation,Married,65819.0,0,0,2012-11-29,99,267,38,701,149,165,63,1,5,4,10,3,0,0,0,0,0,0,3,11,0
5589,1964,Graduation,Divorced,51983.0,0,1,2012-08-31,95,631,0,115,10,7,30,3,9,2,10,7,0,0,0,0,0,0,3,11,0
5636,1963,Graduation,Single,30983.0,0,0,2012-11-09,50,51,4,50,12,1,49,1,4,0,3,8,0,0,0,0,0,0,3,11,1
8091,1956,Graduation,Married,63943.0,0,1,2012-09-02,50,423,184,368,13,97,21,1,6,4,6,5,0,0,0,0,0,0,3,11,0
5462,1974,Graduation,Married,67445.0,0,1,2012-08-12,63,757,80,217,29,80,11,5,9,6,12,6,0,0,0,0,0,0,3,11,0
955,1962,Master,Together,47175.0,1,1,2012-10-28,81,167,2,44,6,2,19,7,4,2,4,8,1,0,0,0,0,0,3,11,1
9530,1988,Graduation,Married,24645.0,1,0,2012-11-01,16,5,3,4,4,1,0,1,1,0,2,8,0,0,0,0,0,0,3,11,0
7476,1964,Master,Single,63972.0,0,1,2012-12-02,93,928,63,254,0,12,12,4,5,4,10,4,0,1,0,0,0,0,3,11,0
10478,1950,PhD,Married,55517.0,1,1,2012-09-27,53,483,0,108,0,6,36,5,11,1,6,9,0,0,0,0,0,0,3,11,1
4261,1946,PhD,Single,82800.0,0,0,2012-11-24,23,1006,22,115,59,68,45,1,7,6,12,3,0,0,1,1,0,0,3,11,1
9916,1954,Graduation,Married,38998.0,1,1,2012-11-03,92,34,1,14,0,0,5,3,2,0,3,8,0,0,0,0,0,1,3,11,0
8685,1977,Graduation,Married,42014.0,1,0,2012-08-17,56,244,15,108,4,15,50,6,7,1,6,8,0,0,0,0,0,0,3,11,1
4764,1952,Master,Together,40442.0,1,1,2012-08-19,52,45,12,52,25,22,13,4,3,1,4,7,0,0,0,0,0,0,3,11,1
4971,1962,PhD,Together,31497.0,0,1,2012-12-06,22,108,1,28,13,1,4,2,3,1,4,8,0,0,0,0,0,0,3,11,0
10069,1988,Basic,Together,13724.0,1,0,2012-08-31,43,2,7,5,2,15,27,1,2,0,2,9,1,0,0,0,0,0,3,11,0
1041,1973,PhD,Single,48432.0,0,1,2012-10-18,3,322,3,50,4,3,42,5,7,1,6,8,0,0,0,0,0,0,3,11,1
7022,1971,Graduation,Married,76445.0,1,0,2012-09-28,2,739,107,309,140,80,35,1,2,5,13,6,0,0,0,0,0,0,3,11,0
5453,1956,Master,Married,90226.0,0,0,2012-09-26,26,1083,108,649,253,151,108,1,4,7,12,2,0,0,0,1,0,0,3,11,0
6729,1988,Graduation,Single,68655.0,0,0,2012-08-10,95,456,19,832,75,118,38,1,4,5,11,3,0,0,0,0,0,0,3,11,0
1773,1978,2n Cycle,Married,12393.0,0,0,2012-12-04,38,5,6,15,11,7,13,1,2,0,3,9,0,0,0,0,0,0,3,11,0
3298,1956,Master,Married,52973.0,0,1,2012-11-08,92,856,0,76,12,9,199,7,9,6,9,8,0,0,0,0,0,0,3,11,0
5120,1982,2n Cycle,Together,66664.0,0,0,2012-09-25,78,398,96,447,220,96,32,1,5,7,6,3,0,0,0,0,0,0,3,11,0
8041,1971,PhD,Widow,47111.0,0,1,2012-09-08,35,595,71,153,120,112,41,6,3,2,10,9,0,0,0,0,0,0,3,11,0
6575,1981,Graduation,Together,56386.0,1,1,2012-10-27,51,230,48,214,13,32,75,8,9,1,7,9,0,0,0,0,0,0,3,11,0
8395,1961,Graduation,Single,82014.0,0,0,2012-08-20,48,980,37,265,35,163,31,1,3,6,12,6,0,0,0,0,0,0,3,11,1
10352,1963,Graduation,Widow,34213.0,1,1,2012-09-07,2,50,4,28,6,3,26,3,3,1,2,9,0,0,0,0,0,0,3,11,1
3389,1970,Graduation,Married,69016.0,0,1,2012-11-22,61,726,53,363,123,107,161,4,8,9,13,5,0,0,0,0,0,0,3,11,0
4712,1991,2n Cycle,Together,20193.0,0,0,2012-11-28,18,8,8,22,24,11,9,1,1,1,4,4,0,0,0,0,0,0,3,11,0
2156,1955,PhD,Married,22554.0,1,1,2012-11-03,38,27,0,10,0,0,4,4,2,0,4,5,0,0,0,0,0,0,3,11,0
1891,1980,Master,Divorced,78789.0,0,0,2012-08-08,12,667,50,850,21,83,83,1,4,6,5,2,0,0,0,0,0,0,3,11,1
10398,1981,2n Cycle,Single,24336.0,1,0,2012-08-27,82,1,6,2,8,2,12,1,1,0,2,7,0,0,0,0,0,0,3,11,0
2431,1990,Graduation,Married,18222.0,0,0,2012-12-31,70,12,4,19,12,6,14,1,2,0,3,8,0,0,0,0,0,0,3,11,0
1890,1971,2n Cycle,Together,42033.0,1,1,2012-09-19,95,11,1,4,2,0,7,1,1,0,2,7,0,0,0,0,0,0,3,11,0
10356,1957,PhD,Divorced,41437.0,1,1,2012-09-22,5,29,0,2,0,0,1,1,1,0,3,7,0,0,0,0,0,0,3,11,0
8852,1976,Graduation,Married,61064.0,0,1,2012-08-31,80,387,126,342,0,45,180,5,8,4,11,6,0,0,0,0,0,0,3,11,0
7349,1973,Basic,Together,9722.0,1,0,2012-10-02,7,6,17,16,6,16,42,4,3,1,3,8,0,0,0,0,0,0,3,11,1
1351,1956,Master,Together,58656.0,0,1,2012-09-20,25,962,12,194,16,24,12,4,7,8,13,6,0,0,1,0,0,0,3,11,0
1045,1965,Graduation,Together,52117.0,0,1,2012-08-16,55,112,10,107,30,0,20,2,5,2,4,7,0,0,0,0,0,0,3,11,0
7396,1966,Graduation,Married,80398.0,0,0,2012-11-10,92,342,51,936,207,35,26,1,5,8,12,3,0,0,1,0,0,0,3,11,0
10340,1984,Graduation,Together,35196.0,1,0,2012-11-13,68,75,12,141,43,39,187,6,6,1,5,8,0,0,0,0,0,0,3,11,0
3498,1976,PhD,Married,55424.0,0,1,2012-11-25,6,462,61,184,10,53,107,4,7,5,9,6,1,0,0,0,0,0,3,11,1
10905,1955,Graduation,Together,42586.0,1,1,2012-10-29,7,194,2,56,0,0,0,5,4,1,6,8,0,0,0,0,0,0,3,11,1
10304,1959,Graduation,Married,18690.0,0,0,2012-12-28,77,6,1,7,23,4,19,1,1,1,2,8,0,0,0,0,0,0,3,11,0
9292,1952,Graduation,Married,81795.0,0,0,2012-10-26,74,324,132,693,27,118,88,1,4,11,7,2,0,0,0,0,0,0,3,11,0
10250,1947,Basic,Together,28389.0,0,0,2012-11-20,49,1,5,3,7,4,8,1,1,0,2,7,0,0,0,0,0,0,3,11,0
3571,1961,PhD,Together,63342.0,0,1,2012-10-16,48,918,21,118,13,10,21,3,8,3,5,6,0,1,0,0,0,0,3,11,1
7807,1974,Graduation,Married,44989.0,0,1,2012-09-12,26,98,0,106,49,10,106,5,5,1,5,6,0,0,0,0,0,0,3,11,0
2154,1971,Graduation,Widow,30372.0,1,1,2012-12-25,33,15,0,12,7,3,7,3,2,0,3,7,0,0,0,0,0,0,3,11,0
5093,1974,PhD,Divorced,25509.0,1,0,2012-09-18,15,40,3,30,10,7,11,3,3,0,3,9,0,0,0,0,0,0,3,11,1
8895,1985,Graduation,Single,70596.0,0,0,2012-10-05,68,347,44,534,17,0,26,1,3,5,12,2,0,0,0,0,0,0,3,11,0
8910,1955,Graduation,Together,42586.0,1,1,2012-10-29,7,194,2,56,0,0,0,5,4,1,6,8,0,0,0,0,0,0,3,11,1
7433,1985,Graduation,Single,29760.0,1,0,2012-08-29,87,64,4,68,7,5,17,4,3,1,4,8,0,0,0,0,0,0,3,11,0
164,1977,PhD,Married,28973.0,0,0,2012-10-13,59,206,0,46,3,2,12,2,5,1,5,8,0,0,0,0,0,0,3,11,0
5150,1979,Basic,Single,20194.0,1,0,2012-12-17,64,0,4,7,11,10,15,2,2,0,3,6,0,0,0,0,0,0,3,11,0
9645,1968,Graduation,Married,64590.0,0,0,2012-10-14,98,920,138,168,36,46,30,1,9,4,10,6,0,0,0,0,0,0,3,11,0
9648,1967,Graduation,Single,46904.0,1,1,2012-11-03,20,153,4,56,0,9,31,4,5,1,4,8,0,0,0,0,0,0,3,11,0
2870,1973,Graduation,Married,49094.0,0,1,2012-09-21,6,376,0,38,11,8,69,5,6,3,6,6,0,0,0,0,0,0,3,11,0
1513,1979,2n Cycle,Together,60839.0,1,1,2012-08-28,72,600,21,128,223,150,128,13,2,2,12,8,0,0,0,0,0,0,3,11,0
6977,1974,Graduation,Together,75702.0,0,1,2012-10-14,87,1073,0,629,145,37,37,1,10,5,13,6,0,0,1,0,0,0,3,11,0
1990,1974,PhD,Single,63159.0,0,0,2012-11-05,74,965,34,586,89,86,37,1,3,5,8,3,1,0,0,0,0,0,3,11,0
5513,1966,Graduation,Together,37758.0,1,1,2012-10-04,49,27,2,10,0,0,1,2,1,0,3,8,0,0,0,0,0,0,3,11,0
269,1963,PhD,Single,46757.0,0,1,2012-11-16,71,777,30,163,0,51,122,6,4,4,7,9,0,0,0,0,0,0,3,11,0
1440,1978,2n Cycle,Together,52513.0,0,0,2012-09-04,84,367,17,241,104,188,232,2,9,5,9,7,0,0,0,0,0,0,3,11,0
7393,1978,Graduation,Together,41580.0,1,1,2012-12-10,15,56,5,24,4,0,3,3,2,1,3,5,0,0,0,0,0,0,3,11,0
9847,1955,2n Cycle,Married,62972.0,0,1,2012-08-03,39,313,15,47,20,0,192,2,7,4,3,6,0,0,0,0,0,0,3,11,0
531,1954,PhD,Divorced,57333.0,0,1,2012-09-22,55,941,14,397,76,58,176,11,8,5,9,6,0,0,0,0,0,0,3,11,1
7872,1975,PhD,Married,86836.0,0,0,2012-09-12,7,179,21,273,0,21,63,1,6,10,6,5,1,0,1,1,0,0,3,11,1
4427,1995,2n Cycle,Single,83257.0,0,0,2012-09-18,56,536,27,590,38,107,67,1,5,10,12,6,1,0,1,0,0,1,3,11,1
1168,1978,PhD,Married,72159.0,0,0,2012-10-29,62,322,53,899,34,40,53,1,4,6,10,2,0,0,0,0,0,0,3,11,0
6710,1951,Master,Single,58217.0,2,1,2012-11-17,84,68,1,13,3,5,13,1,2,0,4,6,0,0,0,0,0,0,3,11,0
521,1985,Graduation,Together,54006.0,1,0,2012-09-18,42,174,77,203,6,24,97,2,8,1,7,7,0,0,0,0,0,0,3,11,0
1459,1966,PhD,Married,69063.0,0,1,2012-11-07,16,666,35,124,69,8,26,1,5,3,5,3,0,0,0,0,0,0,3,11,0
9064,1982,Graduation,Married,69109.0,0,0,2012-11-09,10,823,25,459,124,29,95,1,6,6,7,4,0,0,1,0,0,0,3,11,1
3678,1973,Graduation,Widow,60208.0,1,1,2012-10-07,13,488,23,71,15,0,59,11,8,3,7,7,0,1,0,0,0,0,3,11,1
8486,1971,Master,Together,30538.0,1,0,2012-10-01,27,284,0,52,8,3,20,4,9,0,4,10,0,0,0,0,0,0,3,11,0
3766,1959,Master,Widow,33051.0,0,0,2012-08-16,15,100,71,243,108,94,219,3,9,1,8,9,0,0,0,0,0,0,3,11,1
3074,1984,PhD,Married,70643.0,0,0,2012-10-15,66,1218,107,304,23,143,33,1,5,8,4,6,0,0,0,0,0,0,3,11,1
10702,1984,Graduation,Single,52413.0,1,0,2012-11-03,67,185,8,133,56,56,12,2,7,1,7,7,0,0,0,0,0,0,3,11,0
2747,1988,PhD,Married,67546.0,0,0,2012-08-31,90,864,134,768,150,38,172,1,4,10,5,3,0,0,0,0,0,0,3,11,0
8462,1978,Basic,Together,24882.0,1,0,2012-09-09,52,1,4,10,29,0,36,1,1,1,2,6,1,0,0,0,0,0,3,11,0
5544,1970,Graduation,Single,67384.0,0,1,2012-11-10,32,957,40,175,158,53,107,2,7,8,5,5,0,1,0,0,0,0,3,11,0
6417,1971,Master,Together,80573.0,0,0,2012-10-14,85,829,138,430,60,92,15,1,4,6,13,2,0,0,0,0,0,0,3,11,0
5831,1967,Graduation,Married,77870.0,0,1,2012-08-22,93,1017,50,500,65,50,133,3,5,5,5,8,0,1,0,1,0,0,3,11,1
10176,1968,Graduation,Single,57107.0,0,1,2012-08-24,44,159,0,120,0,0,137,7,4,4,8,8,0,1,0,0,1,0,3,11,1
10686,1965,PhD,Together,34230.0,1,1,2012-12-26,72,15,0,4,0,0,2,1,1,0,2,7,0,0,0,0,0,0,3,11,0
3138,1956,Graduation,Single,91249.0,0,0,2012-10-20,84,1324,27,119,71,108,27,0,7,9,6,4,0,1,1,1,1,0,3,11,1
10872,1969,PhD,Married,55212.0,0,1,2012-11-23,65,1103,0,45,0,0,34,3,4,2,11,8,0,1,0,0,1,0,3,11,0
1867,1957,Graduation,Single,64849.0,0,0,2012-11-13,42,652,48,350,94,84,108,1,9,3,6,5,0,0,0,0,0,0,3,11,1
1403,1975,2n Cycle,Together,34984.0,1,1,2012-09-06,40,8,4,15,3,5,3,2,1,0,3,7,0,0,0,0,0,0,3,11,0
6250,1949,PhD,Widow,54356.0,0,1,2012-11-19,62,710,15,30,20,0,0,3,11,2,8,8,0,0,0,0,0,0,3,11,1
5393,1977,Graduation,Single,23763.0,1,0,2012-08-07,64,22,0,6,6,2,6,1,1,0,3,7,0,0,0,0,0,0,3,11,0
5015,1976,Master,Married,34529.0,1,0,2012-09-14,94,68,6,38,3,6,41,2,2,2,3,7,0,0,0,0,0,0,3,11,0
10676,1982,Graduation,Married,63211.0,0,0,2012-11-02,3,145,193,459,205,26,145,2,3,8,7,2,0,0,0,0,0,0,3,11,1
7919,1976,PhD,Together,72335.0,0,0,2012-08-13,2,1285,105,653,28,21,0,1,10,4,8,8,0,0,0,0,0,0,3,11,1
10448,1956,Graduation,Single,46998.0,0,1,2012-10-22,55,172,41,86,45,6,27,5,5,3,5,7,1,0,0,0,0,0,3,11,0
5117,1963,2n Cycle,Married,32632.0,0,0,2012-08-02,32,63,151,137,153,19,53,2,4,4,8,5,0,0,0,0,0,0,3,11,0
10913,1984,Master,Single,31385.0,1,0,2012-12-05,56,3,2,12,0,1,9,1,1,0,2,8,1,0,0,0,0,0,3,11,1
8524,1974,PhD,Divorced,25509.0,1,0,2012-09-18,15,40,3,30,10,7,11,3,3,0,3,9,0,0,0,0,0,0,3,11,1
8619,1957,Graduation,Together,21994.0,0,1,2012-12-24,4,9,0,6,3,1,3,1,0,0,3,5,0,0,0,0,0,0,3,11,0
4122,1975,Graduation,Married,79205.0,0,0,2012-08-29,73,504,23,117,179,28,44,1,6,5,4,4,0,0,0,1,0,0,3,11,1
10841,1975,PhD,Together,56559.0,0,1,2012-12-25,46,226,22,133,41,31,31,3,4,3,8,4,0,0,0,0,0,0,3,11,0
4023,1970,Graduation,Married,22979.0,1,0,2012-09-06,29,16,17,19,20,21,22,3,3,2,2,8,0,0,0,0,0,0,3,11,1
3599,1970,Graduation,Married,63684.0,0,1,2012-11-26,61,575,80,428,208,93,80,3,8,4,8,5,0,0,0,0,0,0,3,11,0
3262,1958,Graduation,Single,68281.0,0,0,2012-08-07,31,995,112,417,42,48,41,1,2,9,13,5,0,0,0,0,0,0,3,11,1
2375,1972,Graduation,Together,30261.0,1,2,2012-09-25,75,8,0,5,0,3,6,1,0,0,3,8,0,0,0,0,0,0,3,11,0
9323,1949,Master,Together,49912.0,0,1,2012-09-07,5,520,8,223,32,49,42,4,10,5,7,8,1,0,0,0,0,0,3,11,1
10001,1985,2n Cycle,Together,7500.0,1,0,2012-08-01,98,5,17,17,13,14,34,4,2,1,3,9,0,0,0,0,0,0,3,11,0
4786,1977,Graduation,Married,75330.0,1,1,2012-10-04,94,555,82,257,93,61,61,4,10,3,12,6,0,0,0,0,0,0,3,11,0
4974,1970,Graduation,Single,83273.0,1,2,2012-09-25,98,433,89,650,16,102,102,10,4,6,9,7,0,0,0,0,0,0,3,11,0
4095,1971,Graduation,Married,37150.0,1,0,2012-09-11,80,167,37,64,49,34,116,8,4,3,6,7,0,0,0,0,0,0,3,11,0
3507,1970,Graduation,Single,76467.0,1,0,2012-08-17,44,676,161,426,210,44,58,2,2,5,5,6,0,0,0,0,0,0,3,11,1
7441,1973,Graduation,Divorced,71128.0,1,0,2012-10-06,80,958,159,447,20,0,31,3,2,10,12,7,0,0,0,0,0,0,3,11,0
10897,1974,Graduation,Married,67445.0,0,1,2012-08-12,63,757,80,217,29,80,11,5,9,6,12,6,0,0,0,0,0,0,3,11,0
7899,1952,PhD,Married,77610.0,0,1,2012-10-29,70,1245,33,332,21,33,16,2,4,7,4,7,0,0,0,0,0,0,3,11,0
4643,1973,Graduation,Married,27803.0,1,0,2012-08-26,40,8,26,46,38,9,49,2,3,0,4,8,0,0,0,0,0,0,3,11,0
6497,1960,Graduation,Married,51651.0,0,1,2012-11-07,32,293,6,23,13,6,92,4,6,2,5,8,0,0,0,0,0,0,3,11,0
2802,1992,2n Cycle,Married,87000.0,0,0,2012-12-15,61,196,25,607,67,17,49,1,4,6,7,2,0,0,0,0,0,0,3,11,0
7734,1993,Graduation,Absurd,79244.0,0,0,2012-12-19,58,471,102,125,212,61,245,1,4,10,7,1,0,0,1,1,0,0,3,11,1
1146,1949,Master,Together,49912.0,0,1,2012-09-07,5,520,8,223,32,49,42,4,10,5,7,8,1,0,0,0,0,0,3,11,1
1103,1976,Master,Married,81929.0,1,0,2012-09-29,60,1486,55,278,49,0,185,2,4,4,10,6,1,0,1,0,0,0,3,11,1
3422,1975,Graduation,Married,76068.0,0,1,2012-11-29,67,1115,12,128,33,12,76,1,2,3,4,6,0,1,0,0,1,0,3,11,0
1241,1984,2n Cycle,Married,14796.0,1,0,2012-09-17,1,13,3,8,7,4,16,2,1,0,3,9,0,0,0,0,0,0,3,11,1
1407,1986,Basic,Married,20425.0,1,0,2012-10-29,5,4,12,5,3,16,17,2,2,0,3,7,0,0,0,0,0,0,3,11,0
340,1970,Graduation,Divorced,72967.0,0,1,2012-12-15,1,158,35,179,0,0,125,2,7,2,8,5,1,0,0,0,0,0,3,11,1
3104,1961,Graduation,Single,82332.0,0,0,2012-09-17,89,830,59,968,51,79,19,1,5,3,12,2,0,0,1,0,0,0,3,11,1
1008,1981,PhD,Together,44953.0,0,0,2012-12-21,31,728,17,133,11,8,124,1,7,3,13,6,1,0,0,0,0,0,3,11,0
6147,1971,Graduation,Divorced,25818.0,1,0,2012-10-18,51,5,2,8,2,2,9,1,0,1,2,7,0,0,0,0,0,0,3,11,0
8832,1976,Master,Together,37509.0,1,0,2012-09-12,24,37,5,56,12,8,5,2,3,0,4,7,0,0,0,0,0,0,3,11,0
7532,1980,Graduation,Married,43586.0,0,1,2012-08-30,26,99,2,11,4,0,16,3,3,0,4,8,0,0,0,0,0,0,3,11,0
4915,1956,2n Cycle,Married,53230.0,0,1,2012-08-03,86,176,72,98,136,21,229,4,5,2,12,5,0,0,0,0,0,0,3,11,0
1631,1965,PhD,Together,65220.0,0,0,2012-09-03,3,890,63,292,0,25,12,4,8,4,7,6,0,0,0,0,0,0,3,11,1
642,1980,Basic,Married,16005.0,1,0,2012-08-14,69,1,3,2,20,30,47,3,2,1,2,8,0,0,0,0,0,0,3,11,0
2715,1966,Master,Divorced,29435.0,1,1,2012-08-06,11,70,3,37,4,2,64,4,3,2,2,9,0,0,0,0,0,0,3,11,1
7233,1972,Graduation,Married,69209.0,0,0,2012-09-17,4,496,32,849,229,48,128,2,5,3,6,4,0,0,0,1,0,0,3,11,0
5667,1964,PhD,Married,60896.0,0,1,2012-10-11,90,1013,30,399,60,46,153,3,9,10,4,6,0,0,0,0,0,0,3,11,1
1544,1967,Master,Divorced,81380.0,0,0,2012-12-22,51,741,68,689,224,68,103,1,4,2,10,2,0,0,0,0,0,0,3,11,0
492,1973,PhD,YOLO,48432.0,0,1,2012-10-18,3,322,3,50,4,3,42,5,7,1,6,8,0,0,0,0,0,0,3,11,0
7990,1947,Graduation,Married,27469.0,0,0,2012-08-02,2,9,1,2,3,2,0,1,0,0,3,6,0,0,0,0,0,0,3,11,0
8722,1957,2n Cycle,Married,82347.0,0,0,2012-11-06,38,556,54,845,202,133,63,1,7,7,10,3,1,0,0,1,0,0,3,11,1
7118,1957,Graduation,Married,73803.0,0,1,2012-08-01,61,833,80,363,52,26,174,2,9,5,6,6,1,0,0,0,0,0,3,11,1
10968,1969,Graduation,Single,57731.0,0,1,2012-11-23,0,266,21,300,65,8,44,4,8,8,6,6,0,0,0,0,0,0,3,11,0
11133,1973,PhD,YOLO,48432.0,0,1,2012-10-18,3,322,3,50,4,3,42,5,7,1,6,8,0,0,0,0,0,0,3,11,1
5959,1968,Graduation,Single,35893.0,1,1,2012-10-15,80,158,0,23,0,0,18,6,3,1,5,8,0,0,0,0,0,0,3,11,0
1092,1980,Graduation,Married,61014.0,0,1,2012-08-11,17,269,129,495,182,43,29,4,9,3,4,7,0,0,0,0,0,0,3,11,0
3850,1963,Basic,Together,14918.0,0,1,2012-12-07,52,3,3,3,15,4,15,1,1,0,3,6,0,0,0,0,0,0,3,11,0
3661,1995,2n Cycle,Single,80617.0,0,0,2012-10-12,42,594,51,631,72,55,32,1,4,6,8,2,0,0,0,0,0,0,3,11,0
692,1954,Graduation,Together,36807.0,1,1,2012-12-20,88,4,2,5,0,0,5,1,1,0,2,6,0,0,0,0,0,0,3,11,0
9246,1985,Master,Together,40101.0,1,0,2012-10-14,73,171,3,129,26,24,62,4,6,1,6,7,0,0,0,0,0,0,3,11,0
4749,1968,Graduation,Together,58554.0,1,1,2012-09-26,55,368,24,68,38,0,88,6,8,2,6,7,0,0,0,0,0,0,3,11,0
8720,1978,2n Cycle,Together,,0,0,2012-08-12,53,32,2,1607,12,4,22,0,0,0,1,0,0,1,0,0,0,0,3,11,0
9817,1970,Master,Single,44802.0,0,0,2012-08-21,71,853,10,143,13,10,20,2,9,4,12,8,0,0,0,0,0,0,3,11,0
8080,1986,Graduation,Single,26816.0,0,0,2012-08-17,50,5,1,6,3,4,3,1,0,0,3,4,0,0,0,0,0,0,3,11,0
9405,1954,PhD,Married,52869.0,1,1,2012-10-15,40,84,3,61,2,1,21,3,3,1,4,7,0,0,0,0,0,0,3,11,1
